spheres;InsertSort;MergeSort
100;0.0002457733;0.0003625811
600;0.001419507;0.00210857
